{
    "loss": 0.5034490043714565,
    "accuracy": 0.8893229166666666
}