{
    "loss": 0.1699026048745509,
    "accuracy": 0.9700520833333334
}